{ "compressionlevel":-1,
 "height":10,
 "infinite":false,
 "layers":[
        {
         "data":[67, 66, 67, 66, 67, 67, 67, 66, 66, 67, 67, 67, 67, 66, 67, 66, 4, 1, 1, 69, 65, 1, 12, 3, 1, 68, 1, 68, 1, 3, 67, 1, 63, 1, 65, 1, 2, 2, 2, 1, 65, 1, 65, 1, 1, 66, 1, 65, 1, 65, 2, 2, 2, 2, 2, 65, 13, 65, 1, 1, 67, 1, 1, 29, 28, 28, 28, 28, 28, 28, 28, 28, 29, 28, 28, 66, 1, 65, 65, 1, 1, 68, 69, 3, 68, 1, 1, 65, 65, 1, 67, 41, 1, 1, 1, 1, 65, 65, 1, 65, 1, 5, 9, 1, 1, 67, 3, 1, 65, 1, 13, 13, 65, 63, 65, 6, 8, 8, 1, 3, 66, 28, 28, 29, 28, 28, 29, 28, 28, 28, 29, 28, 28, 28, 28, 67, 68, 68, 68, 69, 68, 69, 68, 69, 68, 69, 69, 68, 68, 69],
         "height":10,
         "id":1,
         "name":"Capa de patrones 1",
         "opacity":1,
         "type":"tilelayer",
         "visible":true,
         "width":15,
         "x":0,
         "y":0
        }],
 "nextlayerid":2,
 "nextobjectid":1,
 "orientation":"orthogonal",
 "renderorder":"right-down",
 "tiledversion":"1.8.2",
 "tileheight":16,
 "tilesets":[
        {
         "firstgid":1,
         "source":"tileset.json"
        }],
 "tilewidth":16,
 "type":"map",
 "version":"1.8",
 "width":15
}