{ "compressionlevel":-1,
 "height":10,
 "infinite":false,
 "layers":[
        {
         "data":[67, 66, 67, 66, 67, 67, 66, 67, 66, 66, 67, 67, 66, 67, 66,
            66, 3, 69, 65, 65, 65, 65, 65, 65, 65, 1, 1, 65, 3, 67,
            67, 1, 65, 63, 1, 1, 65, 65, 63, 1, 1, 11, 3, 1, 66,
            67, 1, 65, 65, 1, 1, 71, 29, 28, 28, 28, 29, 71, 1, 67,
            66, 1, 65, 1, 65, 1, 65, 69, 3, 65, 1, 65, 1, 1, 66,
            66, 1, 65, 41, 1, 1, 1, 65, 65, 1, 1, 65, 1, 1, 67,
            67, 1, 65, 4, 65, 1, 65, 65, 65, 1, 65, 65, 65, 1, 66,
            67, 41, 65, 63, 65, 1, 41, 41, 65, 65, 65, 41, 41, 1, 66,
            66, 1, 65, 1, 1, 65, 3, 4, 1, 63, 65, 4, 65, 1, 67,
            66, 3, 1, 41, 1, 1, 1, 65, 1, 1, 65, 65, 65, 3, 66],
         "height":10,
         "id":1,
         "name":"Capa de patrones 1",
         "opacity":1,
         "type":"tilelayer",
         "visible":true,
         "width":15,
         "x":0,
         "y":0
        }],
 "nextlayerid":2,
 "nextobjectid":1,
 "orientation":"orthogonal",
 "renderorder":"right-down",
 "tiledversion":"1.10.1",
 "tileheight":16,
 "tilesets":[
        {
         "firstgid":1,
         "source":"tileset.json"
        }],
 "tilewidth":16,
 "type":"map",
 "version":"1.10",
 "width":15
}