{ "compressionlevel":-1,
 "height":10,
 "infinite":false,
 "layers":[
        {
         "data":[67, 66, 67, 66, 66, 67, 67, 66, 67, 66, 67, 66, 66, 67, 67,
            67, 3, 1, 65, 65, 1, 69, 3, 65, 65, 69, 3, 63, 68, 66,
            66, 1, 65, 1, 1, 65, 65, 1, 5, 1, 65, 65, 65, 1, 67,
            1, 1, 1, 1, 65, 65, 1, 6, 8, 7, 65, 1, 11, 3, 67,
            67, 41, 65, 1, 29, 28, 28, 28, 28, 28, 28, 29, 28, 71, 66,
            66, 1, 63, 65, 1, 1, 1, 12, 1, 3, 68, 69, 69, 68, 66,
            67, 41, 65, 65, 65, 1, 2, 2, 2, 1, 1, 1, 65, 3, 67,
            66, 3, 65, 1, 1, 2, 2, 2, 2, 2, 1, 65, 65, 65, 66,
            66, 71, 65, 65, 1, 1, 2, 2, 2, 1, 1, 1, 10, 71, 67,
            67, 67, 71, 71, 71, 65, 1, 2, 65, 1, 1, 71, 71, 67, 66],
         "height":10,
         "id":1,
         "name":"Capa de patrones 1",
         "opacity":1,
         "type":"tilelayer",
         "visible":true,
         "width":15,
         "x":0,
         "y":0
        }],
 "nextlayerid":2,
 "nextobjectid":1,
 "orientation":"orthogonal",
 "renderorder":"right-down",
 "tiledversion":"git",
 "tileheight":16,
 "tilesets":[
        {
         "firstgid":1,
         "source":"tileset.json"
        }],
 "tilewidth":16,
 "type":"map",
 "version":"1.10",
 "width":15
}