{ "compressionlevel":-1,
 "height":10,
 "infinite":false,
 "layers":[
        {
         "data":[67, 3, 66, 67, 67, 67, 66, 67, 66, 67, 66, 67, 67, 67, 66,
            66, 1, 1, 68, 3, 65, 63, 69, 65, 65, 65, 1, 68, 69, 67,
            66, 1, 1, 65, 1, 1, 1, 3, 1, 3, 65, 1, 65, 63, 66,
            67, 1, 1, 65, 1, 66, 13, 65, 1, 11, 65, 1, 65, 65, 67,
            67, 3, 1, 13, 13, 67, 13, 65, 13, 66, 65, 1, 65, 65, 67,
            66, 66, 66, 67, 67, 66, 67, 66, 67, 67, 66, 67, 66, 1, 66,
            67, 69, 3, 1, 1, 65, 1, 65, 1, 68, 3, 1, 65, 1, 4,
            66, 65, 1, 11, 65, 65, 1, 66, 1, 65, 1, 13, 1, 65, 1,
            67, 3, 10, 11, 11, 11, 1, 67, 13, 65, 1, 13, 13, 1, 1,
            66, 67, 67, 66, 67, 66, 67, 66, 67, 67, 66, 67, 66, 67, 66],
         "height":10,
         "id":1,
         "name":"Capa de patrones 1",
         "opacity":1,
         "type":"tilelayer",
         "visible":true,
         "width":15,
         "x":0,
         "y":0
        }],
 "nextlayerid":2,
 "nextobjectid":1,
 "orientation":"orthogonal",
 "renderorder":"right-down",
 "tiledversion":"1.9.2",
 "tileheight":16,
 "tilesets":[
        {
         "firstgid":1,
         "source":"tileset.json"
        }],
 "tilewidth":16,
 "type":"map",
 "version":"1.9",
 "width":15
}