{ "compressionlevel":-1,
 "height":10,
 "infinite":false,
 "layers":[
        {
         "data":[66, 67, 66, 67, 67, 66, 67, 67, 67, 66, 67, 67, 65, 1, 66,
            66, 3, 1, 68, 65, 1, 69, 3, 68, 65, 65, 3, 1, 1, 67,
            67, 1, 1, 65, 13, 1, 65, 1, 1, 1, 65, 1, 65, 1, 66,
            67, 3, 1, 13, 13, 13, 65, 1, 11, 1, 65, 65, 1, 1, 67,
            67, 67, 66, 67, 67, 66, 67, 67, 67, 66, 67, 1, 1, 41, 66,
            66, 69, 1, 66, 65, 1, 68, 67, 1, 1, 65, 1, 1, 4, 67,
            67, 3, 1, 65, 1, 1, 65, 66, 1, 65, 65, 1, 1, 65, 66,
            67, 1, 1, 67, 1, 1, 65, 1, 1, 65, 67, 1, 65, 1, 67,
            66, 1, 1, 67, 13, 1, 11, 66, 1, 13, 66, 63, 13, 3, 67,
            66, 1, 67, 66, 67, 66, 67, 67, 66, 67, 66, 66, 67, 67, 66],
         "height":10,
         "id":1,
         "name":"Capa de patrones 1",
         "opacity":1,
         "type":"tilelayer",
         "visible":true,
         "width":15,
         "x":0,
         "y":0
        }],
 "nextlayerid":2,
 "nextobjectid":1,
 "orientation":"orthogonal",
 "renderorder":"right-down",
 "tiledversion":"git",
 "tileheight":16,
 "tilesets":[
        {
         "firstgid":1,
         "source":"tileset.json"
        }],
 "tilewidth":16,
 "type":"map",
 "version":"1.10",
 "width":15
}