{ "compressionlevel":-1,
 "height":10,
 "infinite":false,
 "layers":[
        {
         "data":[19, 3, 3, 25, 23, 24, 23, 23, 23, 22, 22, 25, 24, 23, 23, 20, 41, 63, 63, 63, 63, 63, 63, 63, 24, 25, 3, 63, 63, 3, 19, 63, 63, 63, 63, 63, 63, 63, 63, 63, 63, 63, 63, 63, 63, 19, 21, 63, 63, 63, 63, 63, 63, 63, 63, 63, 63, 63, 21, 21, 20, 19, 63, 63, 63, 41, 63, 63, 63, 63, 63, 63, 63, 19, 20, 20, 4, 63, 63, 63, 3, 63, 63, 63, 41, 63, 63, 63, 4, 19, 19, 63, 63, 63, 63, 63, 63, 63, 63, 63, 3, 63, 63, 63, 19, 19, 63, 63, 63, 63, 63, 3, 63, 63, 63, 63, 63, 63, 63, 20, 20, 63, 63, 63, 41, 63, 63, 63, 63, 63, 41, 63, 63, 63, 19, 19, 3, 63, 63, 63, 63, 63, 63, 63, 63, 63, 63, 63, 3, 20],
         "height":10,
         "id":1,
         "name":"Capa de patrones 1",
         "opacity":1,
         "type":"tilelayer",
         "visible":true,
         "width":15,
         "x":0,
         "y":0
        }],
 "nextlayerid":2,
 "nextobjectid":1,
 "orientation":"orthogonal",
 "renderorder":"right-down",
 "tiledversion":"1.8.2",
 "tileheight":16,
 "tilesets":[
        {
         "firstgid":1,
         "source":"tileset.json"
        }],
 "tilewidth":16,
 "type":"map",
 "version":"1.8",
 "width":15
}