{ "compressionlevel":-1,
 "height":10,
 "infinite":false,
 "layers":[
        {
         "data":[23, 23, 23, 22, 22, 23, 23, 20, 23, 23, 22, 23, 23, 22, 23,
            3, 3, 63, 23, 23, 63, 3, 12, 3, 63, 23, 63, 3, 23, 3,
            63, 63, 63, 63, 63, 63, 63, 64, 63, 63, 63, 63, 41, 63, 63,
            63, 63, 3, 63, 63, 63, 64, 64, 64, 63, 63, 63, 63, 63, 63,
            21, 63, 63, 63, 63, 64, 64, 64, 64, 64, 63, 41, 3, 63, 63,
            22, 63, 63, 63, 63, 64, 64, 64, 64, 64, 63, 63, 63, 63, 63,
            22, 41, 63, 63, 64, 63, 63, 21, 63, 64, 63, 63, 63, 63, 63,
            22, 4, 63, 63, 63, 63, 63, 22, 63, 63, 63, 21, 63, 63, 63,
            22, 63, 21, 63, 63, 21, 63, 22, 63, 21, 63, 22, 63, 63, 21,
            22, 73, 22, 73, 73, 22, 73, 22, 73, 22, 73, 22, 73, 73, 22],
         "height":10,
         "id":1,
         "name":"Capa de patrones 1",
         "opacity":1,
         "type":"tilelayer",
         "visible":true,
         "width":15,
         "x":0,
         "y":0
        }],
 "nextlayerid":2,
 "nextobjectid":1,
 "orientation":"orthogonal",
 "renderorder":"right-down",
 "tiledversion":"1.10.1",
 "tileheight":16,
 "tilesets":[
        {
         "firstgid":1,
         "source":"tileset.json"
        }],
 "tilewidth":16,
 "type":"map",
 "version":"1.10",
 "width":15
}