{ "compressionlevel":-1,
 "height":10,
 "infinite":false,
 "layers":[
        {
         "data":[19, 3, 63, 63, 20, 19, 20, 20, 19, 20, 19, 20, 20, 20, 19,
            20, 63, 21, 63, 63, 24, 19, 20, 20, 20, 19, 20, 19, 20, 19,
            19, 63, 3, 63, 63, 63, 24, 20, 20, 19, 19, 20, 19, 19, 20,
            19, 21, 63, 63, 3, 63, 63, 63, 63, 63, 63, 3, 24, 20, 20,
            20, 3, 63, 63, 63, 63, 63, 63, 63, 63, 63, 63, 63, 25, 20,
            20, 63, 63, 21, 63, 63, 63, 63, 63, 63, 63, 63, 63, 3, 19,
            19, 63, 63, 3, 63, 63, 3, 63, 63, 3, 63, 63, 63, 63, 20,
            19, 63, 63, 63, 63, 63, 21, 21, 21, 21, 21, 3, 63, 63, 20,
            19, 63, 63, 63, 63, 63, 22, 22, 22, 22, 22, 63, 63, 63, 20,
            20, 73, 73, 73, 73, 73, 22, 22, 22, 22, 22, 73, 73, 73, 19],
         "height":10,
         "id":1,
         "name":"Capa de patrones 1",
         "opacity":0.98,
         "type":"tilelayer",
         "visible":true,
         "width":15,
         "x":0,
         "y":0
        }],
 "nextlayerid":2,
 "nextobjectid":1,
 "orientation":"orthogonal",
 "renderorder":"right-down",
 "tiledversion":"1.9.2",
 "tileheight":16,
 "tilesets":[
        {
         "firstgid":1,
         "source":"tileset.json"
        }],
 "tilewidth":16,
 "type":"map",
 "version":"1.9",
 "width":15
}