{ "compressionlevel":-1,
 "height":10,
 "infinite":false,
 "layers":[
        {
         "data":[25, 22, 22, 22, 22, 22, 25, 22, 25, 20, 24, 22, 23, 22, 20,
            3, 23, 25, 22, 22, 25, 3, 24, 3, 12, 63, 23, 3, 24, 19,
            63, 63, 63, 22, 25, 63, 63, 63, 63, 64, 63, 63, 63, 3, 19,
            19, 41, 63, 22, 3, 63, 63, 63, 64, 64, 64, 63, 63, 63, 20,
            20, 4, 63, 22, 63, 63, 19, 19, 20, 19, 19, 20, 63, 63, 20,
            20, 41, 63, 22, 3, 41, 20, 25, 24, 25, 3, 63, 63, 41, 19,
            19, 4, 63, 22, 63, 4, 20, 3, 63, 63, 63, 63, 63, 4, 20,
            19, 41, 63, 24, 63, 41, 19, 63, 63, 63, 63, 63, 63, 41, 20,
            19, 3, 63, 63, 63, 63, 19, 63, 63, 63, 63, 63, 63, 3, 19,
            20, 21, 21, 21, 21, 21, 20, 29, 28, 28, 28, 28, 29, 28, 19],
         "height":10,
         "id":1,
         "name":"Capa de patrones 1",
         "opacity":1,
         "type":"tilelayer",
         "visible":true,
         "width":15,
         "x":0,
         "y":0
        }],
 "nextlayerid":2,
 "nextobjectid":1,
 "orientation":"orthogonal",
 "renderorder":"right-down",
 "tiledversion":"1.10.1",
 "tileheight":16,
 "tilesets":[
        {
         "firstgid":1,
         "source":"tileset.json"
        }],
 "tilewidth":16,
 "type":"map",
 "version":"1.10",
 "width":15
}