{ "compressionlevel":-1,
 "height":10,
 "infinite":false,
 "layers":[
        {
         "data":[67, 66, 66, 67, 67, 66, 67, 67, 66, 66, 67, 67, 1, 1, 67, 66, 67, 66, 67, 66, 67, 67, 66, 67, 66, 68, 3, 65, 41, 67, 67, 66, 67, 66, 67, 66, 67, 1, 12, 3, 65, 1, 65, 1, 66, 67, 67, 66, 67, 3, 63, 69, 1, 2, 1, 65, 1, 1, 41, 67, 3, 65, 1, 1, 1, 65, 3, 2, 2, 2, 65, 1, 1, 63, 67, 1, 1, 1, 65, 65, 1, 2, 2, 2, 2, 2, 3, 65, 41, 66, 71, 71, 71, 71, 1, 1, 1, 2, 2, 2, 1, 1, 65, 1, 67, 66, 67, 66, 67, 71, 71, 71, 1, 1, 1, 65, 1, 1, 41, 66, 67, 67, 67, 67, 66, 67, 66, 71, 71, 71, 3, 1, 10, 66, 67, 66, 66, 66, 67, 67, 66, 67, 67, 66, 67, 29, 28, 28, 67, 66],
         "height":10,
         "id":1,
         "name":"Capa de patrones 1",
         "opacity":1,
         "type":"tilelayer",
         "visible":true,
         "width":15,
         "x":0,
         "y":0
        }],
 "nextlayerid":2,
 "nextobjectid":1,
 "orientation":"orthogonal",
 "renderorder":"right-down",
 "tiledversion":"1.8.2",
 "tileheight":16,
 "tilesets":[
        {
         "firstgid":1,
         "source":"tileset.json"
        }],
 "tilewidth":16,
 "type":"map",
 "version":"1.8",
 "width":15
}