{ "compressionlevel":-1,
 "height":10,
 "infinite":false,
 "layers":[
        {
         "data":[19, 24, 25, 22, 25, 24, 23, 24, 20, 23, 22, 23, 25, 24, 23,
            19, 3, 63, 25, 3, 63, 63, 63, 12, 63, 25, 3, 63, 63, 3,
            20, 63, 63, 63, 63, 63, 63, 63, 64, 63, 63, 63, 63, 63, 63,
            20, 63, 3, 63, 63, 63, 63, 64, 64, 64, 63, 63, 63, 63, 63,
            19, 63, 63, 63, 63, 63, 64, 64, 64, 64, 63, 63, 63, 63, 41,
            19, 41, 63, 63, 63, 63, 64, 64, 21, 64, 64, 63, 63, 63, 4,
            19, 3, 63, 63, 63, 64, 64, 1, 3, 63, 63, 21, 63, 63, 63,
            20, 41, 63, 63, 21, 63, 63, 63, 63, 63, 63, 3, 63, 63, 63,
            3, 63, 63, 63, 63, 63, 63, 21, 63, 63, 63, 63, 63, 63, 63,
            21, 21, 21, 73, 73, 73, 73, 22, 73, 73, 73, 73, 73, 73, 73],
         "height":10,
         "id":1,
         "name":"Capa de patrones 1",
         "opacity":1,
         "type":"tilelayer",
         "visible":true,
         "width":15,
         "x":0,
         "y":0
        }],
 "nextlayerid":2,
 "nextobjectid":1,
 "orientation":"orthogonal",
 "renderorder":"right-down",
 "tiledversion":"1.9.2",
 "tileheight":16,
 "tilesets":[
        {
         "firstgid":1,
         "source":"tileset.json"
        }],
 "tilewidth":16,
 "type":"map",
 "version":"1.9",
 "width":15
}