{ "compressionlevel":-1,
 "height":10,
 "infinite":false,
 "layers":[
        {
         "data":[22, 22, 23, 22, 23, 22, 23, 22, 20, 22, 22, 22, 23, 22, 19, 22, 23, 3, 23, 63, 23, 3, 23, 12, 23, 23, 23, 3, 23, 20, 22, 3, 63, 63, 63, 63, 63, 63, 64, 63, 63, 63, 63, 3, 19, 22, 63, 63, 63, 63, 63, 63, 64, 64, 64, 63, 63, 63, 63, 19, 22, 63, 63, 63, 11, 63, 10, 11, 64, 11, 64, 63, 63, 3, 20, 25, 63, 63, 29, 28, 28, 28, 28, 28, 28, 28, 29, 28, 28, 20, 63, 63, 63, 63, 63, 63, 63, 63, 63, 63, 63, 63, 63, 63, 19, 20, 20, 19, 19, 20, 19, 19, 20, 19, 63, 63, 20, 19, 63, 20, 20, 3, 63, 63, 63, 63, 63, 63, 63, 3, 63, 63, 63, 3, 19, 19, 63, 63, 19, 19, 20, 20, 20, 19, 19, 20, 19, 20, 19, 19],
         "height":10,
         "id":1,
         "name":"Capa de patrones 1",
         "opacity":1,
         "type":"tilelayer",
         "visible":true,
         "width":15,
         "x":0,
         "y":0
        }],
 "nextlayerid":2,
 "nextobjectid":1,
 "orientation":"orthogonal",
 "renderorder":"right-down",
 "tiledversion":"1.8.2",
 "tileheight":16,
 "tilesets":[
        {
         "firstgid":1,
         "source":"tileset.json"
        }],
 "tilewidth":16,
 "type":"map",
 "version":"1.8",
 "width":15
}