{ "compressionlevel":-1,
 "height":10,
 "infinite":false,
 "layers":[
        {
         "data":[22, 22, 25, 22, 23, 22, 22, 22, 22, 22, 22, 22, 22, 22, 20,
            25, 23, 3, 24, 3, 23, 24, 24, 22, 25, 23, 24, 25, 24, 19,
            3, 63, 63, 63, 63, 63, 63, 63, 22, 3, 63, 63, 63, 63, 3,
            19, 19, 20, 20, 19, 19, 41, 63, 22, 63, 63, 19, 20, 19, 20,
            63, 63, 63, 63, 63, 20, 4, 63, 22, 63, 63, 3, 63, 3, 20,
            20, 19, 19, 20, 63, 19, 63, 41, 22, 41, 63, 63, 63, 63, 19,
            63, 63, 63, 19, 3, 20, 63, 4, 22, 4, 63, 63, 63, 63, 20,
            19, 20, 63, 19, 20, 19, 41, 63, 24, 3, 63, 63, 63, 19, 20,
            3, 63, 63, 19, 20, 19, 4, 63, 63, 63, 63, 63, 63, 3, 19,
            21, 21, 21, 20, 19, 19, 21, 21, 21, 21, 21, 21, 21, 21, 19],
         "height":10,
         "id":1,
         "name":"Capa de patrones 1",
         "opacity":1,
         "type":"tilelayer",
         "visible":true,
         "width":15,
         "x":0,
         "y":0
        }],
 "nextlayerid":2,
 "nextobjectid":1,
 "orientation":"orthogonal",
 "renderorder":"right-down",
 "tiledversion":"1.10.1",
 "tileheight":16,
 "tilesets":[
        {
         "firstgid":1,
         "source":"tileset.json"
        }],
 "tilewidth":16,
 "type":"map",
 "version":"1.10",
 "width":15
}