{ "compressionlevel":-1,
 "height":10,
 "infinite":false,
 "layers":[
        {
         "data":[66, 67, 66, 67, 67, 66, 67, 66, 67, 66, 66, 67, 66, 67, 66, 66, 3, 1, 69, 65, 65, 1, 65, 65, 3, 12, 1, 3, 68, 66, 67, 1, 65, 65, 63, 65, 1, 1, 65, 1, 2, 1, 1, 65, 67, 66, 65, 65, 65, 65, 1, 65, 65, 65, 2, 2, 2, 65, 65, 1, 67, 1, 71, 65, 65, 1, 41, 1, 1, 2, 2, 2, 2, 41, 41, 66, 65, 67, 71, 65, 1, 4, 65, 2, 2, 2, 2, 2, 4, 66, 67, 1, 3, 66, 71, 1, 3, 65, 65, 65, 2, 1, 1, 1, 67, 66, 65, 65, 3, 67, 29, 28, 71, 65, 65, 9, 1, 65, 65, 66, 66, 10, 65, 65, 1, 65, 1, 1, 65, 7, 6, 63, 1, 65, 67, 67, 71, 71, 71, 71, 71, 71, 71, 71, 71, 71, 71, 1, 1, 66],
         "height":10,
         "id":1,
         "name":"Capa de patrones 1",
         "opacity":1,
         "type":"tilelayer",
         "visible":true,
         "width":15,
         "x":0,
         "y":0
        }],
 "nextlayerid":2,
 "nextobjectid":1,
 "orientation":"orthogonal",
 "renderorder":"right-down",
 "tiledversion":"1.8.2",
 "tileheight":16,
 "tilesets":[
        {
         "firstgid":1,
         "source":"tileset.json"
        }],
 "tilewidth":16,
 "type":"map",
 "version":"1.8",
 "width":15
}