{ "compressionlevel":-1,
 "height":10,
 "infinite":false,
 "layers":[
        {
         "data":[66, 67, 67, 67, 66, 67, 67, 67, 67, 66, 67, 66, 1, 1, 67,
            3, 1, 68, 69, 3, 65, 65, 63, 1, 1, 69, 3, 1, 41, 67,
            1, 1, 65, 65, 1, 65, 11, 1, 65, 1, 65, 1, 1, 65, 66,
            1, 1, 65, 65, 1, 11, 11, 11, 65, 1, 65, 1, 10, 66, 67,
            28, 28, 29, 28, 28, 28, 28, 29, 28, 28, 29, 28, 28, 67, 66,
            3, 1, 68, 65, 65, 1, 69, 3, 65, 65, 65, 3, 12, 4, 66,
            1, 1, 65, 63, 1, 1, 65, 65, 1, 65, 1, 63, 2, 3, 67,
            1, 1, 65, 1, 1, 11, 3, 1, 65, 1, 1, 2, 2, 2, 67,
            29, 28, 28, 28, 28, 28, 28, 28, 29, 28, 71, 2, 2, 2, 66,
            68, 68, 69, 68, 69, 68, 68, 69, 68, 69, 68, 41, 2, 1, 67],
         "height":10,
         "id":1,
         "name":"Capa de patrones 1",
         "opacity":1,
         "type":"tilelayer",
         "visible":true,
         "width":15,
         "x":0,
         "y":0
        }],
 "nextlayerid":2,
 "nextobjectid":1,
 "orientation":"orthogonal",
 "renderorder":"right-down",
 "tiledversion":"git",
 "tileheight":16,
 "tilesets":[
        {
         "firstgid":1,
         "source":"tileset.json"
        }],
 "tilewidth":16,
 "type":"map",
 "version":"1.10",
 "width":15
}