{ "compressionlevel":-1,
 "height":10,
 "infinite":false,
 "layers":[
        {
         "data":[67, 66, 67, 67, 66, 66, 67, 66, 67, 66, 67, 66, 67, 66, 67,
            66, 3, 1, 12, 1, 1, 65, 1, 12, 3, 1, 65, 1, 3, 66,
            67, 1, 1, 2, 65, 1, 65, 1, 2, 1, 1, 71, 41, 65, 67,
            67, 1, 2, 2, 2, 71, 71, 2, 2, 2, 65, 66, 4, 65, 67,
            66, 41, 2, 2, 2, 67, 66, 2, 2, 2, 41, 67, 1, 41, 66,
            67, 3, 1, 2, 1, 66, 67, 2, 2, 63, 3, 66, 65, 4, 67,
            66, 41, 1, 1, 41, 66, 67, 41, 2, 65, 1, 66, 41, 65, 67,
            67, 1, 1, 65, 3, 67, 66, 3, 63, 1, 41, 67, 4, 63, 66,
            1, 65, 65, 65, 29, 66, 67, 65, 65, 1, 10, 67, 65, 41, 67,
            71, 28, 28, 71, 66, 67, 66, 71, 29, 28, 71, 66, 65, 1, 67],
         "height":10,
         "id":1,
         "name":"Capa de patrones 1",
         "opacity":0.98,
         "type":"tilelayer",
         "visible":true,
         "width":15,
         "x":0,
         "y":0
        }],
 "nextlayerid":2,
 "nextobjectid":1,
 "orientation":"orthogonal",
 "renderorder":"right-down",
 "tiledversion":"1.10.1",
 "tileheight":16,
 "tilesets":[
        {
         "firstgid":1,
         "source":"tileset.json"
        }],
 "tilewidth":16,
 "type":"map",
 "version":"1.10",
 "width":15
}