{ "compressionlevel":-1,
 "height":10,
 "infinite":false,
 "layers":[
        {
         "data":[66, 67, 66, 66, 66, 67, 67, 66, 67, 66, 67, 66, 67, 67, 66,
            3, 68, 69, 1, 1, 65, 1, 1, 65, 1, 1, 69, 1, 3, 67,
            1, 65, 65, 65, 1, 1, 1, 1, 3, 1, 1, 65, 63, 1, 66,
            1, 1, 65, 1, 1, 1, 71, 28, 71, 1, 1, 65, 65, 65, 67,
            1, 65, 3, 1, 1, 1, 63, 3, 4, 1, 1, 1, 1, 1, 67,
            1, 65, 65, 1, 65, 1, 1, 1, 1, 1, 41, 65, 65, 1, 66,
            65, 65, 41, 1, 3, 1, 1, 1, 65, 1, 3, 1, 41, 1, 66,
            1, 1, 3, 1, 65, 1, 65, 1, 65, 1, 65, 1, 3, 1, 4,
            71, 1, 65, 1, 71, 1, 1, 1, 65, 1, 71, 1, 1, 71, 65,
            66, 72, 72, 72, 67, 72, 72, 72, 72, 72, 67, 72, 72, 66, 71],
         "height":10,
         "id":1,
         "name":"Capa de patrones 1",
         "opacity":1,
         "type":"tilelayer",
         "visible":true,
         "width":15,
         "x":0,
         "y":0
        }],
 "nextlayerid":2,
 "nextobjectid":1,
 "orientation":"orthogonal",
 "renderorder":"right-down",
 "tiledversion":"1.10.1",
 "tileheight":16,
 "tilesets":[
        {
         "firstgid":1,
         "source":"tileset.json"
        }],
 "tilewidth":16,
 "type":"map",
 "version":"1.10",
 "width":15
}