{ "compressionlevel":-1,
 "height":10,
 "infinite":false,
 "layers":[
        {
         "data":[66, 67, 67, 67, 66, 65, 1, 1, 1, 1, 67, 66, 67, 67, 66,
            67, 3, 69, 1, 65, 1, 1, 41, 1, 1, 65, 68, 3, 1, 3,
            66, 1, 65, 65, 1, 1, 1, 3, 1, 1, 65, 1, 65, 1, 1,
            67, 1, 65, 63, 1, 41, 1, 65, 1, 1, 65, 3, 65, 63, 65,
            67, 1, 1, 1, 1, 3, 1, 1, 1, 1, 65, 1, 65, 65, 1,
            66, 1, 65, 1, 1, 1, 1, 41, 65, 1, 1, 65, 1, 65, 1,
            4, 1, 1, 1, 1, 65, 1, 4, 63, 1, 65, 1, 65, 65, 65,
            1, 1, 65, 3, 1, 1, 1, 1, 65, 1, 1, 1, 1, 65, 1,
            3, 71, 65, 1, 1, 65, 1, 1, 1, 1, 65, 1, 65, 71, 71,
            71, 66, 72, 72, 72, 72, 72, 72, 72, 72, 72, 72, 72, 66, 67],
         "height":10,
         "id":1,
         "name":"Capa de patrones 1",
         "opacity":1,
         "type":"tilelayer",
         "visible":true,
         "width":15,
         "x":0,
         "y":0
        }],
 "nextlayerid":2,
 "nextobjectid":1,
 "orientation":"orthogonal",
 "renderorder":"right-down",
 "tiledversion":"git",
 "tileheight":16,
 "tilesets":[
        {
         "firstgid":1,
         "source":"tileset.json"
        }],
 "tilewidth":16,
 "type":"map",
 "version":"1.10",
 "width":15
}