{ "compressionlevel":-1,
 "height":10,
 "infinite":false,
 "layers":[
        {
         "data":[66, 67, 67, 67, 66, 1, 1, 1, 1, 1, 1, 66, 67, 67, 66,
            66, 68, 3, 1, 65, 1, 65, 65, 65, 41, 1, 1, 1, 69, 66,
            67, 1, 65, 63, 65, 1, 1, 1, 65, 4, 1, 65, 1, 3, 67,
            66, 65, 1, 65, 1, 41, 1, 1, 1, 65, 1, 65, 63, 65, 67,
            67, 1, 1, 65, 1, 3, 65, 1, 1, 1, 1, 65, 1, 1, 66,
            67, 28, 1, 65, 65, 1, 65, 1, 3, 1, 3, 1, 1, 29, 67,
            66, 69, 1, 1, 1, 41, 65, 1, 1, 1, 1, 65, 1, 68, 66,
            67, 63, 1, 65, 1, 65, 65, 65, 1, 41, 1, 65, 1, 3, 1,
            66, 11, 1, 1, 1, 3, 1, 65, 1, 3, 65, 65, 1, 10, 71,
            67, 71, 71, 71, 71, 1, 1, 1, 1, 1, 71, 71, 71, 71, 67],
         "height":10,
         "id":1,
         "name":"Capa de patrones 1",
         "opacity":1,
         "type":"tilelayer",
         "visible":true,
         "width":15,
         "x":0,
         "y":0
        }],
 "nextlayerid":2,
 "nextobjectid":1,
 "orientation":"orthogonal",
 "renderorder":"right-down",
 "tiledversion":"git",
 "tileheight":16,
 "tilesets":[
        {
         "firstgid":1,
         "source":"tileset.json"
        }],
 "tilewidth":16,
 "type":"map",
 "version":"1.10",
 "width":15
}