{ "compressionlevel":-1,
 "height":10,
 "infinite":false,
 "layers":[
        {
         "data":[66, 67, 66, 67, 66, 67, 67, 66, 67, 67, 67, 66, 66, 67, 66,
            67, 66, 67, 66, 67, 67, 66, 69, 3, 68, 67, 67, 66, 67, 67,
            67, 66, 67, 67, 66, 1, 3, 1, 65, 1, 3, 66, 67, 66, 66,
            66, 67, 66, 3, 1, 65, 1, 1, 41, 63, 1, 1, 3, 66, 67,
            1, 1, 1, 1, 1, 65, 1, 1, 4, 1, 3, 1, 65, 65, 1,
            1, 1, 65, 65, 1, 65, 41, 1, 65, 1, 1, 65, 1, 1, 1,
            71, 71, 71, 1, 1, 65, 1, 1, 2, 65, 1, 1, 1, 71, 71,
            66, 67, 66, 71, 71, 65, 1, 1, 65, 1, 1, 71, 71, 67, 66,
            67, 66, 67, 66, 66, 71, 71, 3, 10, 71, 71, 67, 66, 67, 67,
            67, 67, 66, 67, 66, 67, 66, 28, 28, 67, 67, 66, 66, 67, 66],
         "height":10,
         "id":1,
         "name":"Capa de patrones 1",
         "opacity":1,
         "type":"tilelayer",
         "visible":true,
         "width":15,
         "x":0,
         "y":0
        }],
 "nextlayerid":2,
 "nextobjectid":1,
 "orientation":"orthogonal",
 "renderorder":"right-down",
 "tiledversion":"git",
 "tileheight":16,
 "tilesets":[
        {
         "firstgid":1,
         "source":"tileset.json"
        }],
 "tilewidth":16,
 "type":"map",
 "version":"1.10",
 "width":15
}