{ "compressionlevel":-1,
 "height":10,
 "infinite":false,
 "layers":[
        {
         "data":[67, 66, 67, 66, 66, 67, 66, 66, 67, 67, 66, 67, 66, 67, 67,
            66, 69, 3, 1, 65, 63, 1, 65, 1, 65, 1, 1, 1, 68, 66,
            66, 65, 1, 1, 65, 1, 65, 1, 1, 1, 65, 1, 1, 3, 67,
            67, 1, 1, 65, 1, 41, 41, 71, 41, 41, 1, 1, 65, 65, 66,
            67, 41, 1, 1, 65, 1, 4, 66, 4, 3, 1, 65, 1, 41, 67,
            66, 3, 1, 1, 1, 1, 1, 67, 3, 63, 1, 1, 1, 10, 67,
            67, 29, 28, 28, 41, 65, 1, 67, 3, 1, 41, 28, 29, 28, 66,
            1, 1, 65, 3, 65, 1, 1, 66, 1, 1, 65, 65, 63, 3, 67,
            65, 65, 71, 71, 71, 1, 1, 67, 1, 1, 71, 71, 71, 1, 3,
            71, 71, 67, 66, 66, 72, 72, 66, 72, 72, 66, 67, 66, 71, 71],
         "height":10,
         "id":1,
         "name":"Capa de patrones 1",
         "opacity":1,
         "type":"tilelayer",
         "visible":true,
         "width":15,
         "x":0,
         "y":0
        }],
 "nextlayerid":2,
 "nextobjectid":1,
 "orientation":"orthogonal",
 "renderorder":"right-down",
 "tiledversion":"1.10.1",
 "tileheight":16,
 "tilesets":[
        {
         "firstgid":1,
         "source":"tileset.json"
        }],
 "tilewidth":16,
 "type":"map",
 "version":"1.10",
 "width":15
}