{ "compressionlevel":-1,
 "height":10,
 "infinite":false,
 "layers":[
        {
         "data":[22, 25, 24, 24, 22, 22, 22, 22, 22, 23, 24, 23, 25, 24, 23,
            24, 3, 63, 63, 23, 25, 24, 25, 22, 3, 63, 3, 63, 63, 3,
            3, 63, 63, 63, 63, 63, 63, 63, 24, 63, 63, 63, 63, 63, 63,
            63, 63, 63, 63, 63, 63, 3, 63, 63, 63, 63, 63, 63, 63, 21,
            41, 63, 63, 63, 63, 63, 63, 63, 63, 63, 63, 21, 63, 41, 22,
            4, 3, 63, 63, 63, 21, 63, 63, 41, 63, 63, 3, 63, 4, 22,
            63, 63, 63, 63, 63, 3, 63, 63, 3, 63, 63, 63, 63, 41, 22,
            63, 63, 63, 63, 63, 63, 63, 63, 63, 63, 63, 63, 63, 63, 22,
            63, 63, 63, 63, 63, 63, 21, 63, 63, 63, 63, 63, 21, 21, 22,
            73, 73, 73, 73, 73, 73, 22, 73, 73, 73, 73, 73, 22, 22, 22],
         "height":10,
         "id":1,
         "name":"Capa de patrones 1",
         "opacity":1,
         "type":"tilelayer",
         "visible":true,
         "width":15,
         "x":0,
         "y":0
        }],
 "nextlayerid":2,
 "nextobjectid":1,
 "orientation":"orthogonal",
 "renderorder":"right-down",
 "tiledversion":"1.9.2",
 "tileheight":16,
 "tilesets":[
        {
         "firstgid":1,
         "source":"tileset.json"
        }],
 "tilewidth":16,
 "type":"map",
 "version":"1.9",
 "width":15
}