{ "compressionlevel":-1,
 "height":10,
 "infinite":false,
 "layers":[
        {
         "data":[19, 25, 25, 23, 19, 20, 19, 23, 22, 25, 22, 22, 1, 1, 20,
            19, 3, 63, 63, 63, 12, 3, 63, 24, 3, 22, 22, 41, 1, 19,
            19, 63, 63, 63, 63, 64, 63, 63, 63, 63, 22, 22, 63, 41, 19,
            20, 63, 63, 63, 64, 64, 64, 63, 63, 63, 22, 22, 1, 4, 19,
            19, 63, 21, 21, 64, 64, 64, 64, 63, 63, 24, 22, 28, 63, 20,
            20, 63, 63, 3, 64, 64, 64, 64, 63, 63, 63, 22, 4, 3, 19,
            19, 63, 63, 63, 63, 21, 21, 63, 63, 63, 63, 24, 63, 41, 19,
            20, 63, 63, 63, 63, 3, 3, 63, 63, 63, 63, 63, 63, 4, 20,
            3, 63, 63, 21, 63, 63, 63, 63, 63, 21, 21, 21, 21, 21, 19,
            28, 29, 28, 22, 73, 73, 73, 73, 73, 22, 22, 22, 22, 22, 19],
         "height":10,
         "id":1,
         "name":"Capa de patrones 1",
         "opacity":1,
         "type":"tilelayer",
         "visible":true,
         "width":15,
         "x":0,
         "y":0
        }],
 "nextlayerid":2,
 "nextobjectid":1,
 "orientation":"orthogonal",
 "renderorder":"right-down",
 "tiledversion":"1.10.1",
 "tileheight":16,
 "tilesets":[
        {
         "firstgid":1,
         "source":"tileset.json"
        }],
 "tilewidth":16,
 "type":"map",
 "version":"1.10",
 "width":15
}