{ "compressionlevel":-1,
 "height":10,
 "infinite":false,
 "layers":[
        {
         "data":[17, 18, 17, 17, 18, 17, 17, 17, 18, 17, 17, 17, 17, 18, 17,
            3, 1, 1, 1, 1, 1, 12, 1, 1, 1, 1, 1, 1, 1, 3,
            1, 1, 1, 1, 1, 1, 2, 1, 1, 1, 1, 1, 3, 1, 1,
            1, 1, 1, 1, 1, 2, 11, 2, 11, 1, 1, 1, 1, 1, 1,
            28, 29, 28, 28, 28, 28, 28, 28, 28, 28, 29, 28, 28, 1, 1,
            17, 3, 1, 12, 3, 1, 1, 1, 1, 1, 1, 1, 1, 1, 1,
            17, 1, 1, 2, 1, 1, 1, 1, 1, 11, 1, 1, 5, 7, 1,
            17, 1, 2, 2, 10, 11, 1, 1, 11, 11, 3, 1, 8, 6, 3,
            17, 28, 28, 28, 28, 29, 28, 28, 28, 28, 28, 28, 28, 29, 28,
            17, 18, 17, 17, 17, 18, 17, 17, 17, 18, 17, 17, 18, 17, 17],
         "height":10,
         "id":1,
         "name":"Capa de patrones 1",
         "opacity":1,
         "type":"tilelayer",
         "visible":true,
         "width":15,
         "x":0,
         "y":0
        }],
 "nextlayerid":2,
 "nextobjectid":1,
 "orientation":"orthogonal",
 "renderorder":"right-down",
 "tiledversion":"1.9.2",
 "tileheight":16,
 "tilesets":[
        {
         "firstgid":1,
         "source":"tileset.json"
        }],
 "tilewidth":16,
 "type":"map",
 "version":"1.9",
 "width":15
}