{ "compressionlevel":-1,
 "height":10,
 "infinite":false,
 "layers":[
        {
         "data":[23, 22, 23, 22, 22, 23, 23, 22, 22, 23, 22, 23, 22, 22, 22,
            3, 23, 63, 23, 23, 3, 63, 23, 23, 63, 23, 3, 23, 23, 22,
            63, 63, 63, 63, 63, 63, 28, 63, 63, 63, 63, 63, 63, 3, 22,
            63, 63, 63, 63, 63, 29, 4, 63, 63, 63, 63, 3, 63, 63, 22,
            63, 63, 63, 41, 63, 3, 63, 63, 63, 63, 63, 63, 63, 63, 22,
            63, 63, 63, 63, 63, 63, 63, 63, 63, 63, 63, 63, 63, 63, 24,
            63, 63, 63, 63, 41, 63, 63, 63, 63, 21, 63, 63, 63, 63, 3,
            3, 63, 63, 63, 63, 63, 63, 3, 63, 22, 63, 3, 63, 19, 19,
            21, 63, 63, 63, 63, 63, 63, 21, 63, 22, 63, 21, 63, 63, 20,
            22, 73, 73, 73, 73, 73, 73, 22, 73, 22, 73, 22, 73, 73, 19],
         "height":10,
         "id":1,
         "name":"Capa de patrones 1",
         "opacity":1,
         "type":"tilelayer",
         "visible":true,
         "width":15,
         "x":0,
         "y":0
        }],
 "nextlayerid":2,
 "nextobjectid":1,
 "orientation":"orthogonal",
 "renderorder":"right-down",
 "tiledversion":"1.9.2",
 "tileheight":16,
 "tilesets":[
        {
         "firstgid":1,
         "source":"tileset.json"
        }],
 "tilewidth":16,
 "type":"map",
 "version":"1.9",
 "width":15
}