{ "compressionlevel":-1,
 "height":10,
 "infinite":false,
 "layers":[
        {
         "data":[23, 24, 22, 22, 22, 22, 22, 22, 22, 22, 22, 22, 25, 23, 23, 3, 63, 24, 22, 22, 22, 22, 22, 22, 22, 22, 23, 3, 63, 3, 63, 63, 63, 24, 22, 22, 22, 22, 22, 22, 24, 63, 63, 63, 63, 21, 63, 63, 63, 23, 22, 22, 22, 22, 25, 63, 63, 63, 21, 63, 20, 21, 63, 63, 63, 23, 22, 22, 24, 63, 63, 63, 21, 20, 21, 20, 19, 21, 63, 63, 63, 24, 22, 3, 63, 63, 21, 20, 19, 19, 19, 19, 20, 21, 63, 63, 63, 25, 63, 63, 21, 19, 3, 4, 19, 20, 19, 19, 20, 21, 63, 63, 63, 63, 21, 20, 20, 19, 3, 20, 20, 19, 20, 19, 19, 21, 63, 63, 63, 63, 63, 4, 4, 3, 19, 20, 19, 19, 19, 20, 20, 29, 28, 28, 19, 19, 20, 19, 20, 20],
         "height":10,
         "id":1,
         "name":"Capa de patrones 1",
         "opacity":1,
         "type":"tilelayer",
         "visible":true,
         "width":15,
         "x":0,
         "y":0
        }],
 "nextlayerid":2,
 "nextobjectid":1,
 "orientation":"orthogonal",
 "renderorder":"right-down",
 "tiledversion":"1.8.2",
 "tileheight":16,
 "tilesets":[
        {
         "firstgid":1,
         "source":"tileset.json"
        }],
 "tilewidth":16,
 "type":"map",
 "version":"1.8",
 "width":15
}