{ "compressionlevel":-1,
 "height":10,
 "infinite":false,
 "layers":[
        {
         "data":[20, 22, 22, 23, 22, 22, 24, 23, 25, 25, 23, 24, 22, 22, 22,
            19, 25, 24, 63, 25, 25, 3, 63, 63, 63, 63, 63, 24, 23, 24,
            19, 3, 63, 63, 63, 63, 63, 63, 63, 63, 63, 63, 63, 63, 3,
            19, 19, 19, 20, 63, 19, 20, 20, 19, 20, 19, 20, 20, 63, 19,
            20, 3, 63, 63, 63, 19, 3, 63, 63, 63, 63, 3, 19, 63, 63,
            20, 63, 19, 20, 19, 20, 63, 20, 19, 20, 19, 63, 20, 19, 20,
            19, 63, 63, 63, 63, 63, 63, 20, 3, 63, 19, 63, 63, 63, 63,
            20, 19, 20, 19, 20, 20, 19, 19, 63, 63, 20, 19, 20, 20, 19,
            3, 63, 63, 63, 63, 63, 63, 63, 63, 63, 63, 63, 63, 63, 3,
            21, 21, 21, 21, 21, 21, 21, 21, 21, 21, 21, 21, 21, 21, 21],
         "height":10,
         "id":1,
         "name":"Capa de patrones 1",
         "opacity":1,
         "type":"tilelayer",
         "visible":true,
         "width":15,
         "x":0,
         "y":0
        }],
 "nextlayerid":2,
 "nextobjectid":1,
 "orientation":"orthogonal",
 "renderorder":"right-down",
 "tiledversion":"1.10.1",
 "tileheight":16,
 "tilesets":[
        {
         "firstgid":1,
         "source":"tileset.json"
        }],
 "tilewidth":16,
 "type":"map",
 "version":"1.10",
 "width":15
}