{ "compressionlevel":-1,
 "height":10,
 "infinite":false,
 "layers":[
        {
         "data":[17, 17, 18, 17, 17, 18, 17, 17, 17, 17, 18, 17, 17, 18, 17, 17, 3, 1, 1, 13, 1, 1, 1, 1, 1, 13, 13, 1, 3, 18, 18, 1, 41, 1, 28, 29, 28, 28, 28, 28, 28, 28, 28, 1, 17, 18, 1, 4, 13, 1, 4, 13, 1, 1, 1, 13, 1, 4, 1, 17, 17, 1, 28, 28, 29, 28, 28, 28, 1, 1, 29, 28, 1, 1, 18, 17, 1, 4, 1, 1, 13, 13, 1, 13, 1, 3, 1, 1, 1, 17, 1, 1, 41, 1, 28, 28, 29, 28, 28, 28, 28, 1, 41, 1, 1, 3, 1, 1, 1, 1, 1, 1, 1, 1, 1, 1, 1, 4, 1, 3, 29, 28, 28, 28, 28, 28, 28, 29, 28, 28, 28, 29, 28, 28, 28, 17, 17, 18, 17, 18, 17, 17, 17, 18, 17, 17, 17, 17, 18, 17],
         "height":10,
         "id":1,
         "name":"Capa de patrones 1",
         "opacity":1,
         "type":"tilelayer",
         "visible":true,
         "width":15,
         "x":0,
         "y":0
        }],
 "nextlayerid":2,
 "nextobjectid":1,
 "orientation":"orthogonal",
 "renderorder":"right-down",
 "tiledversion":"1.8.2",
 "tileheight":16,
 "tilesets":[
        {
         "firstgid":1,
         "source":"tileset.json"
        }],
 "tilewidth":16,
 "type":"map",
 "version":"1.8",
 "width":15
}