{ "compressionlevel":-1,
 "height":10,
 "infinite":false,
 "layers":[
        {
         "data":[67, 3, 1, 1, 65, 1, 1, 1, 1, 65, 1, 65, 1, 1, 67,
            66, 41, 1, 65, 65, 1, 3, 1, 65, 65, 65, 1, 3, 1, 66,
            67, 4, 1, 1, 1, 1, 1, 1, 65, 1, 1, 1, 1, 1, 67,
            67, 1, 65, 1, 65, 65, 1, 63, 1, 71, 29, 28, 71, 1, 66,
            66, 1, 65, 1, 3, 1, 1, 1, 1, 1, 68, 3, 1, 65, 1,
            67, 1, 65, 1, 65, 65, 41, 41, 1, 1, 65, 1, 65, 1, 1,
            66, 1, 1, 65, 65, 1, 4, 3, 65, 1, 65, 1, 1, 41, 71,
            3, 1, 65, 1, 65, 63, 1, 65, 1, 1, 41, 65, 65, 1, 66,
            71, 71, 1, 65, 1, 1, 1, 63, 65, 1, 3, 1, 1, 41, 67,
            66, 67, 72, 72, 72, 72, 72, 72, 72, 72, 72, 72, 72, 66, 67],
         "height":10,
         "id":1,
         "name":"Capa de patrones 1",
         "opacity":1,
         "type":"tilelayer",
         "visible":true,
         "width":15,
         "x":0,
         "y":0
        }],
 "nextlayerid":2,
 "nextobjectid":1,
 "orientation":"orthogonal",
 "renderorder":"right-down",
 "tiledversion":"1.9.2",
 "tileheight":16,
 "tilesets":[
        {
         "firstgid":1,
         "source":"tileset.json"
        }],
 "tilewidth":16,
 "type":"map",
 "version":"1.9",
 "width":15
}