{ "compressionlevel":-1,
 "height":10,
 "infinite":false,
 "layers":[
        {
         "data":[17, 17, 18, 17, 18, 17, 17, 18, 17, 17, 17, 17, 18, 17, 17,
            3, 1, 1, 1, 1, 1, 1, 1, 1, 1, 1, 1, 1, 3, 17,
            1, 1, 1, 1, 1, 1, 1, 1, 1, 1, 1, 1, 28, 29, 17,
            1, 1, 1, 1, 1, 1, 1, 29, 1, 1, 1, 1, 1, 4, 17,
            1, 1, 41, 1, 1, 1, 41, 4, 1, 1, 1, 28, 1, 3, 18,
            1, 1, 4, 1, 1, 1, 4, 3, 1, 1, 29, 4, 3, 1, 17,
            1, 11, 1, 1, 41, 3, 1, 1, 1, 1, 1, 1, 1, 1, 18,
            3, 11, 11, 1, 1, 1, 1, 1, 1, 1, 1, 1, 1, 3, 17,
            28, 29, 28, 28, 28, 28, 1, 1, 1, 1, 17, 1, 1, 29, 17,
            17, 17, 18, 17, 17, 17, 72, 72, 72, 72, 18, 72, 72, 17, 17],
         "height":10,
         "id":1,
         "name":"Capa de patrones 1",
         "opacity":1,
         "type":"tilelayer",
         "visible":true,
         "width":15,
         "x":0,
         "y":0
        }],
 "nextlayerid":2,
 "nextobjectid":1,
 "orientation":"orthogonal",
 "renderorder":"right-down",
 "tiledversion":"1.9.2",
 "tileheight":16,
 "tilesets":[
        {
         "firstgid":1,
         "source":"tileset.json"
        }],
 "tilewidth":16,
 "type":"map",
 "version":"1.9",
 "width":15
}